<?xml version="1.0"?>
<!DOCTYPE hibernate-mapping PUBLIC "-//Hibernate/Hibernate Mapping DTD 3.0//EN"
"http://www.hibernate.org/dtd/hibernate-mapping-3.0.dtd">
<!-- Generated Apr 10, 2017 12:14:37 PM by Hibernate Tools 4.3.1 -->
<hibernate-mapping>
    <class name="Hibernate.File" table="file" catalog="files" optimistic-lock="version">
        <id name="id" type="java.lang.Integer">
            <column name="id" />
            <generator class="identity" />
        </id>
        <property name="username" type="string">
            <column name="username" length="54" not-null="true" />
        </property>
        <property name="title" type="string">
            <column name="title" length="54" not-null="true" />
        </property>
        <property name="description" type="string">
            <column name="description" length="54" not-null="true" />
        </property>
        <property name="file" type="string">
            <column name="file" length="54" not-null="true" />
        </property>
        <property name="rating" type="float">
            <column name="rating" precision="12" scale="0" not-null="true" />
        </property>
        <property name="date" type="date">
            <column name="date" length="10" not-null="true" />
        </property>
    </class>
</hibernate-mapping>
