<?xml version="1.0"?>
<!DOCTYPE hibernate-mapping PUBLIC "-//Hibernate/Hibernate Mapping DTD 3.0//EN"
"http://www.hibernate.org/dtd/hibernate-mapping-3.0.dtd">
<!-- Generated Apr 10, 2017 12:14:37 PM by Hibernate Tools 4.3.1 -->
<hibernate-mapping>
    <class name="Hibernate.Login" table="login" catalog="files">
        <id name="id" type="java.lang.Integer">
            <column name="id" />
            <generator class="identity"></generator>
        </id>
        <property name="username" type="string">
            <column name="username" length="54" not-null="true" unique="true" />
        </property>
        <property name="email" type="string">
            <column name="email" length="54" not-null="true" />
        </property>
        <property name="password" type="string">
            <column name="password" length="54" not-null="true" />
        </property>
        <property name="mobile" type="string">
            <column name="mobile" length="54" not-null="true" />
        </property>
        <property name="activate" type="string">
            <column name="Activate" length="54" not-null="true" />
        </property>
    </class>
</hibernate-mapping>
