<?xml version="1.0" encoding="UTF-8"?>
<project-private xmlns="http://www.netbeans.org/ns/project-private/1">
    <editor-bookmarks xmlns="http://www.netbeans.org/ns/editor-bookmarks/2" lastBookmarkId="0"/>
    <open-files xmlns="http://www.netbeans.org/ns/projectui-open-files/2">
        <group>
            <file>file:/C:/Users/SGR/Documents/NetBeansProjects/Files/src/java/Controller/ShowAllFile.java</file>
            <file>file:/C:/Users/SGR/Documents/NetBeansProjects/Files/web/WEB-INF/jsp/ShowAllFile.jsp</file>
            <file>file:/C:/Users/SGR/Documents/NetBeansProjects/Files/src/java/Hibernate/File.java</file>
            <file>file:/C:/Users/SGR/Documents/NetBeansProjects/Files/src/java/Controller/DownloadFile.java</file>
        </group>
    </open-files>
</project-private>
